sentiment,tweet_2
positive,"RT @shampadhar: Fabulous idea putting India‚Äôs master weavers on the same platform as the top fashion designers who use their creations, and‚Ä¶"
positive,"RT @rsprasad: Total value of BHIM-UPI transactions crossed Rs. 1 Lakh Crore mark in December, 2018. BHIM-UPI is a unique fintech innovation‚Ä¶"
neutral,"RT @darshanpathak: A tale of two interviews (in 3 parts):

Guests:
Sonia Gandhi
Narendra Modi

'Journalist' : @ShekharGupta (Currently 'Pre‚Ä¶"
neutral,"RT @HarmlessYardDog: &gt;India's brexit demand 

&gt;India's 
&gt;brexit
&gt;demand https://t.co/Lw5VuBkKcQ"
neutral,"RT @NamoYouthIndia: Congress playing politics over national security, commend Nirmala Sitharaman for exposing it: PM Narendra Modi
https://‚Ä¶"
positive,"RT @nsitharaman: Please read the complete report in ‚Å¶@timesofindia‚Å© to which you ( ‚Å¶@RahulGandhi‚Å© )are referring:  ‚ÄúHowever, as the LS reco‚Ä¶"
positive,RT @atulraj: proud to be part of #India_First team with @DrGPradhan. At Bangalore. #IndiaFirst https://t.co/iwCTsRVwal
negative,"RT @republic: 'My family of 8 lived in a 40x12 feet house‚Äìit was small, but enough for us': PM Modi talks about his childhood
https://t.co/‚Ä¶"
neutral,"RT @ShashiTharoor: Broke HAL borrows Rs 1,000 crore to pay salaries to employees ‚Äî and Defence Minister says govt has given HAL 1 lakh cror‚Ä¶"
positive,"RT @MrMarleyTeach: First book finished of 2019, the fantastic New Silk Roads by @peterfrankopan explores the growing shift of power to Silk‚Ä¶"
negative,"RT @shyamznwar: India jumps 73 spots to 26 rank in World Bank‚Äôs electricity accessibility list 
@muglikar_ @mahesh10816 @LillyMaryPinto htt‚Ä¶"
positive,#Hindutva #HinduExtremism: Welcome to 21st century's India: #India's #Hindu far-right fascist movement taking it to‚Ä¶ https://t.co/RtWu3JAMQ8
neutral,"@RURALINDIA Aren't they on same path as ""India Shining""?"
positive,"RT @FSAsiaLive: 68' GOAL! Anirudh Thapa just about chips home after a terrific attack from India once again! WOW. It's 3-1 now!

#BringItAl‚Ä¶"
positive,"RT @amitbehere: Social media: Ancient Hindus invented everything from aeroplanes to nuclear reactors. 
Bhakt: Wow, ours was a glorious civi‚Ä¶"
neutral,"RT @IndianFootball: 78' Substitutions for India! @jejefanai comes on for @ashiquekuruniya, while @RowllinB comes on for @AnirudhThapa.

üáπüá≠‚Ä¶"
positive,RT @HindolSengupta: It is a true tragedy that we are engineering a generation of Indians who have never been taught any realistic sense of‚Ä¶
negative,"RT @skumar0112: @nsitharaman Mountain Congratulations, Madam. ............. But Alas! Somebody has rightly quipped, ""India is a country of‚Ä¶"
neutral,RT @ShashiTharoor: The report of the parliamentary Standing Committee on External Affairs reveals grave concerns about the discrepancies in‚Ä¶
positive,"RT @DHONIism: ""Dhoni is the greatest player India has ever produced. ""He played 90 Tests and then said let's give a chance to the youngster‚Ä¶"
neutral,"RT @ashoswai: This 'Yale' Graduate is a heartless psycho!
""Smriti Irani's convoy rammed into our car. She came out. I begged her for help b‚Ä¶"
neutral,RT @sardesairajdeep: What a day for Indian cricket: to think that an Indian team would make Australia follow on in Australia.. an Indian le‚Ä¶
neutral,"RT @beindiya: @nsitharamanoffc @INCIndia @RahulGandhi @DefenceMinIndia @nsitharaman @BJPLive @BJP4India Ma‚Äôam waiting for our 15 lacs, 2 cr‚Ä¶"
neutral,"@afcasiancup NOW India 3-1 Thailand
#THAIND"
positive,"RT @India_Policy: Watch, how UPA left India skies completely defenseless. There can be only 2 plausible explanations. 1) There was no commi‚Ä¶"
positive,"RT @India_Policy: I will tell you why. The old deal was No-Deal. Like Nehru, Sonia too was bent to India's Defence preparedness to wither a‚Ä¶"
positive,"RT @AyresAlyssa: Excellent deep dive into India‚Äôs jobs challenge, which is all the more difficult to address due to data insufficiency. htt‚Ä¶"
neutral,RT @vanshikataneja3: #BirthMonthCelebrationsDay6 for the last 6 days @derasachasauda  volunteer all over India continuously distributing ra‚Ä¶
neutral,"RT @TheEconomist: Aadhaar, India's project to create a national register of citizens, is not voluntary‚Äîit has been mooted as a requirement‚Ä¶"
positive,RT @strategic_front: The government of India will deliver four more Mi-25 gunship helicopters to the Afghan Air Force with the delivery of‚Ä¶
positive,"RT @manny_ottawa: ‚ÄúFish rots from the head‚Äù

Trudeau is vacuous but knows dancing, dressing up and pandering works ‚Äî so his top Ministers f‚Ä¶"
positive,"RT @NITINKML: As anticipated, Akhilesh + Mayawati + Ajit Singh. No candidates in Amethi and Rae Bareili. Congress on its own. For a long ti‚Ä¶"
positive,"RT @ranganaathan: Good news for citizens, bad for Dynasty. 
ED seeks open-ended NBW against close aide of Robert Vadra in money laundering‚Ä¶"
positive,"@Robbo_1990 @TomMoodyCricket I think newzeland cricket improved very much.
We remember lollypop bowler in past but‚Ä¶ https://t.co/Mv8K9fpzDb"
neutral,#IRejectTheSangh because India is a secular country that embraces every religion and belief.
negative,The last time India scored thrice in an @afcasiancup game was back in 1964 (3-1 v Hong Kong) - 9 games ago. Inciden‚Ä¶ https://t.co/7DP6Vni3y6
neutral,"RT @AeroDixit: It was an amendment made in 1976 under which the word ‚Äòsecular‚Äô was included in the Preamble. In contrast, the Supreme Court‚Ä¶"
neutral,"RT @arunjaitley: The total amount of subsidy transferred through Aadhaar now equals Rs.169,868 crores. With the elimination of middlemen th‚Ä¶"
neutral,RT @ParthJindal11: Come on India - I am bleeding blue - let‚Äôs go get some Thai curry today! #TeamIndia #AFCAsianCup #THAIND
negative,"RT @FirstpostSports: THAILAND 1-3 INDIA

GOAAAAALLLL! Chhetri, Udanta once again involve heavily with the build-up and Anirudh Thapa with a‚Ä¶"
neutral,"RT @Hariom_Rawat19: @MoHUA_India
#‡§®‡•ç‡§Ø‡§æ‡§Ø‡§æ‡§≤‡§Ø_‡§ï‡•Ä_‡§®‡§ø‡§∑‡•ç‡§ï‡•ç‡§∞‡§ø‡§Ø‡§§‡§æ Supreme Court also need to under stand that injustice won‚Äôt be tolerated by Hindu‚Ä¶"
neutral,RT @ThePanenkaView: Halftime and the scores are locked at 1-1! #THAIND #AsianCup2019 #AsianCup #India #BackTheBlues https://t.co/QAZkisZ5DK
positive,RT @wef: Sustainability in Sikkim. Read more: https://t.co/RR9CZ6BB5t #india #environment https://t.co/hcr5b8CEK6
positive,"RT @SwarajyaMag: Today‚Äôs Special: A Partial Solar Eclipse, But Not Observable In India

https://t.co/ZMKBCfuQEb"
neutral,"RT @spectatorindex: Population. (million)

China: 1400
India: 1330
US: 328
Indonesia: 265
Brazil: 209
Pakistan: 201
Nigeria: 194
Bangladesh‚Ä¶"
neutral,@Brunnel29 @dominos @dominos_india hey @Brunnel29 did #DominosKolkata resolve your issue?
negative,"RT @chandpc123: It seems that RG is doing this without any fear because Media is biased little bit
@ashwani_mahajan @sgurumurthy
Shame that‚Ä¶"
neutral,RT @hashahmedabad: Gujarat University final exams from March 5 - Times of India https://t.co/KCFvOJ15pj #Ahmedabad #News
negative,"RT @joybhattacharj: Six test centuries and seventeen fifties, all scored after losing an eye in a tragic accident. India has had many great‚Ä¶"
neutral,@Pdorato14 Huinca is cancelled
neutral,"RT @afcasiancup: 8‚É£5‚É£ @Cristiano üáµüáπ
6‚É£6‚É£ @chetrisunil11 üáÆüá≥
6‚É£5‚É£ @TeamMessi üá¶üá∑

Sunil Chhetri scores his 66th with India to overtake Lionel‚Ä¶"
neutral,"RT @taran_adarsh: #KGF biz at a glance...
Week 1: ‚Çπ 21.45 cr
Week 2: ‚Çπ 11.50 cr
Total: ‚Çπ 32.95 cr
India biz.
#KGF screen count has increase‚Ä¶"
neutral,"we want 80% #hikein5days

#hikeresearchfellowship 

@HRDMinistry @FinMinIndia @IndiaDST @DBTIndia @CSIR_IND‚Ä¶ https://t.co/8MudIDm6kl"
negative,"RT @firstpost: The 106th #IndianScienceCongress made headlines for startling claims and statements made by some speakers, particularly thos‚Ä¶"
neutral,"RT @pranavINC: The idea could be to kill HAL so that the Company &amp; it‚Äôs assets can be sold off to Cronies !

A starving #HAL doesn't have o‚Ä¶"
negative,RT @SitaramYechury: 11 millions jobs lost in 2018: the growing misery under Modi govt. The joblessness is hitting and destroying the youth‚Ä¶
negative,RT @NlCOLEKlDMANS: FIVE MILLION WOMEN IN INDIA FORMED A 385 MILE LONG ‚ÄúWOMENS WALL‚Äù IN PROTEST OF GENDER INEQUALITY. FIVE MILLION YALL !!!!‚Ä¶
negative,@here_2_be_aware @anupamachopra @RanveerOfficial Sad part is the producer glorified this cut paste job frm south sa‚Ä¶ https://t.co/8iuRmS379Y
neutral,@sillagerey Between China and India https://t.co/c1s7mfma4u
neutral,RT @SirJadeja: Sunil Chhetri scores his 2nd goal. India leading 2-1 against Thailand in AFC Asian Cup. üëèüí™üáÆüá≥ #AsianCup2019 #THAIND https://t‚Ä¶
neutral,"@Ramonlobooo Hum, dboaaa"
positive,RT @davidfrawleyved: During their many years of rule the Nehru/Gandhis named most of the institutions in the country after themselves. Did‚Ä¶
negative,RT @ichacko14: Common India...We want another goal !!! #THAIND 1-3 @Goal_India @IndianFootball @chetrisunil11
neutral,@anzar_wani @torquoiseseas @babahadia If nation=India
positive,"RT @RajiniFollowers: Thalaivar Bloods, Keep Trending! 
We are trending in INDIA ToP more than 30 minsüî•

#PettaParaakOnThursday üï∂‚≠êÔ∏è

@sunpic‚Ä¶"
positive,"RT @MinhazMerchant: #ED tells Delhi court #RobertVadra is benami owner of London flat worth ¬£1.9million, bought by Vadra associate &amp; arms d‚Ä¶"
positive,RT @ShashiTharoor: New project announcements in India have declined to the lowest levels since mid-2004 (a 14 year low) even as stalled pro‚Ä¶
neutral,"RT @AdityaMenon22: If someone threw a bomb this way in Punjab or Kashmir, it would be called terrorism. Even if it was a Muslim in Kerala,‚Ä¶"
neutral,@DefenceMinIndia @INCIndia @RahulGandhi @PIB_India @nsitharamanoffc Madam Lets Start With 15 Lakhs PM Election Prom‚Ä¶ https://t.co/rjfvs5IzIo
positive,RT @Dilsedesh: Does someone wants to take #ManoharParrikar for morning walk I am worried üôÑüôÑüôÑüôÑ Manohar Parrikar's Life In Danger Over Rafale‚Ä¶
neutral,RT @MyFellowIndians: Why is @nsitharaman ENDANGERING India's defences by tweeting the details of ALL the aircrafts &amp; helicopters with detai‚Ä¶
